variable,count,mean,std,min,25%,50%,75%,max,original
dummy1,1000.0,-4.460394623540087e-05,0.010797677068053428,-0.034029895639879,-0.007416392676017526,0.00036524392815245,0.00726165088430615,0.0347851015471079,0.0005539850567046
dummy2,1000.0,-1.3551441572159678e-05,0.009305406939487714,-0.0361769527403463,-0.006001590966658125,0.00015353359947309998,0.006398811856629825,0.032019720525902,-0.0071169566793258
x1,1000.0,-0.05139834069771071,2.9588030635322293,-11.428582204947164,-1.925261269953328,-0.12085441050188964,1.760699522939476,28.205407354740775,28.205407354740775
x2,1000.0,-0.4061449812752285,7.975517686918634,-21.86478294252488,-5.860614536597267,-0.30088558696623446,4.648539597203589,75.05113111914493,75.05113111914493
x3,1000.0,-0.02701838869739946,1.9775521204783035,-5.542180598082975,-1.2564332653432835,0.0335383670866935,1.2988795096617354,17.75415161037921,17.75415161037921
